{
    "parameters": [{
            "port": "vcc",
            "digital": false,
            "analog": false,
            "data": false,
            "posx": -80,
            "posy": 355,
            "energy": true,
            "min": "3",
            "max": "5",
            "$$hashKey": "object:3"
        }, {
            "port": "IO",
            "digital": false,
            "analog": false,
            "data": false,
            "posx": -18,
            "posy": 355,
            "energy": false,
            "min": "",
            "max": "",
            "$$hashKey": "object:5"
        }, {
            "port": "gnd",
            "digital": false,
            "analog": false,
            "data": false,
            "posx": 42,
            "posy": 355,
            "energy": false,
            "min": "",
            "max": "",
            "$$hashKey": "object:7"
        }],
    "code": "none"
}
