{
    "parameters": [{
            "port": "Vcc",       
            "digital": false,
            "analog": false,
            "data": false,
            "posx": "",
            "posy": "",
            "energy": true,
            "min": "3",
            "max": "5"
        },
        {
            "port": "GND",
            "digital": false,
            "analog": false,
            "data": false,
            "posx": "",
            "posy": "",
            "energy": false,
            "min": "",
            "max": ""
        },
        {
            "port": "Cathode led",       
            "digital": false,
            "analog": false,
            "data": false,
            "posx": "",
            "posy": "",
            "energy": false,
            "min": "",
            "max": ""
        },
        {
            "port": "Anode led",       
            "digital": false,
            "analog": false,
            "data": false,
            "posx": "",
            "posy": "",
            "energy": true,
            "min": "1,5",
            "max": "5"
        },
        {
            "port": "DB7",       
            "digital": true,
            "analog": false,
            "data": false,
            "posx": "",
            "posy": "",
            "energy": false,
            "min": "",
            "max": ""
        },
        {
            "port": "DB6",       
            "digital": true,
            "analog": false,
            "data": false,
            "posx": "",
            "posy": "",
            "energy": false,
            "min": "",
            "max": ""
        },
        {
            "port": "DB5",      
            "digital": true,
            "analog": false,
            "data": false,
            "posx": "",
            "posy": "",
            "energy": false,
            "min": "",
            "max": ""
        },
        {
            "port": "DB4",       
            "digital": true,
            "analog": false,
            "data": false,
            "posx": "",
            "posy": "",
            "energy": false,
            "min": "",
            "max": ""
        },
        {
            "port": "DB3",       
            "digital": true,
            "analog": false,
            "data": false,
            "posx": "",
            "posy": "",
            "energy": false,
            "min": "",
            "max": ""
        },
        {
            "port": "DB2",       
            "digital": true,
            "analog": false,
            "data": false,
            "posx": "",
            "posy": "",
            "energy": false,
            "min": "",
            "max": ""
        },
        {
            "port": "DB1",       
            "digital": true,
            "analog": false,
            "data": false,
            "posx": "",
            "posy": "",
            "energy": false,
            "min": "",
            "max": ""
        },
        {
            "port": "DB0",       
            "digital": true,
            "analog": false,
            "data": false,
            "posx": "",
            "posy": "",
            "energy": false,
            "min": "",
            "max": ""
        },
        {
            "port": "E",       
            "digital": true,
            "analog": false,
            "data": false,
            "posx": "",
            "posy": "",
            "energy": false,
            "min": "",
            "max": ""
        },
        {
            "port": "RW",       
            "digital": true,
            "analog": false,
            "data": false,
            "posx": "",
            "posy": "",
            "energy": false,
            "min": "",
            "max": ""
        },
        {
            "port": "RS",       
            "digital": true,
            "analog": false,
            "data": false,
            "posx": "",
            "posy": "",
            "energy": false,
            "min": "",
            "max": ""
        },
        {
            "port": "VD",       
            "digital": false,
            "analog": true,
            "data": true,
            "posx": "",
            "posy": "",
            "energy": false,
            "min": "",
            "max": ""
        }],
    "code": "code code function"
}