{
    "parameters": [{
            "port": "Vcc",       
            "digital": false,
            "analog": false,
            "data": false,
            "posx": "",
            "posy": "",
            "energy": true,
            "min": "3",
            "max": "5"
        },
        {
            "port": "GND",       
            "digital": false,
            "analog": false,
            "data": false,
            "posx": "",
            "posy": "",
            "energy": true,
            "min": "",
            "max": ""
        },
        {
            "port": "Out",       
            "digital": true,
            "analog": false,
            "data": false,
            "posx": "",
            "posy": "",
            "energy": false,
            "min": "",
            "max": ""
        }],
    "code": "code code function"
}