{
    "parameters": [{
            "port": "vcc",
            "digital": false,
            "analog": false,
            "data": false,
            "posx": 117,
            "posy": 38,
            "energy": true,
            "min": "3",
            "max": "5",
            "$$hashKey": "object:3"
        }, {
            "port": "aout",
            "digital": false,
            "analog": false,
            "data": false,
            "posx": 117,
            "posy": -23,
            "energy": false,
            "min": "",
            "max": "",
            "$$hashKey": "object:5"
        }, {
            "port": "gnd",
            "digital": false,
            "analog": false,
            "data": false,
            "posx": 117,
            "posy": -8,
            "energy": false,
            "min": "",
            "max": "",
            "$$hashKey": "object:7"
        }],
    "code": "code code function"
}
