{
    "parameters": [{
            "port": "VCC",
            "digital": false,
            "analog": false,
            "data": false,
            "posx": "",
            "posy": "",
            "energy": true,
            "min": "3.3",
            "max": "6"
        },
        {
            "port": "GND",
            "digital": false,
            "analog": false,
            "data": false,
            "posx": "",
            "posy": "",
            "energy": false,
            "min": "",
            "max": ""
        },
        {
            "port": "DATA",       
            "digital": false,
            "analog": true,
            "data": true,
            "posx": "",
            "posy": "",
            "energy": false,
            "min": "",
            "max": ""
        },
        {
            "port": "NC",       
            "digital": false,
            "analog": false,
            "data": false,
            "posx": "",
            "posy": "",
            "energy": false,
            "min": "",
            "max": ""
        }],
    "code": "code code function"
}