{
    "parameters": [{
            "port": "Vcc",
            "digital": false,
            "analog": false,
            "data": false,
            "posx": -78,
            "posy": 363,
            "energy": true,
            "min": "3",
            "max": "5",
            "$$hashKey": "object:3"
        }, {
            "port": "data",
            "digital": false,
            "analog": false,
            "data": false,
            "posx": -16,
            "posy": 363,
            "energy": false,
            "min": "",
            "max": "",
            "$$hashKey": "object:5"
        }, {
            "port": "Gnd",
            "digital": false,
            "analog": false,
            "data": false,
            "posx": 42,
            "posy": 359,
            "energy": false,
            "min": "",
            "max": "",
            "$$hashKey": "object:7"
        }],
    "code": "none"
}
